{
  "minecraft:entity" : {
    "components" : {
      "minecraft:behavior.look_at_player" : {
        "look_distance" : 8,
        "priority" : 6
      },
      "minecraft:identifier" : {
        "id" : "minecraft:skeleton.stray"
      },
      "minecraft:movement" : {
        "value" : 40,
        "max" : 40
      },
      "minecraft:behavior.hurt_by_target" : {
        "priority" : 1
      },
      "minecraft:loot" : {
        "table" : "loot_tables\/entities\/skeleton.json"
      },
      "minecraft:nameable" : {

      },
      "minecraft:behavior.melee_attack" : {
        "track_target" : true
      },
      "minecraft:attack" : {
        "damage" : 30
      },
      "minecraft:behavior.nearest_attackable_target" : {
        "priority" : 2,
        "entity_types" : [
          {
            "filters" : {
              "other_with_families" : [
                "player"
              ]
            },
            "max_dist" : 1000
          }
        ],
        "must_see" : true
      },
      "minecraft:equipment" : {
        "table" : "loot_tables\/entities\/skeleton_gear.json"
      },
      "minecraft:behavior.random_look_around" : {
        "priority" : 6
      },
      "minecraft:scale" : {
        "value" : 0.5
      },
      "minecraft:health" : {
        "value" : 20,
        "max" : 20
      },
      "minecraft:collision_box" : {
        "width" : 0.59999999999999998,
        "height" : 1.95
      },
      "minecraft:behavior.random_stroll" : {
        "speed_multiplier" : 1,
        "priority" : 5
      },
      "minecraft:type_family" : {
        "family" : [
          "stray",
          "monster"
        ]
      },
      "minecraft:behavior.restrict_sun" : {
        "priority" : 1
      }
    },
    "component_groups" : {
      "minecraft:revert_to_skeleton" : {
        "minecraft:transformation" : {
          "into" : "minecraft:skeleton",
          "delay" : 0.5
        }
      }
    },
    "format_version" : 0.10000000000000001,
    "events" : {
      "change_to_skeleton" : {
        "sequence" : [
          {
            "filters" : {
              "with_environment_any" : [
                "underground"
              ]
            },
            "remove" : {

            },
            "add" : {
              "component_groups" : [
                "minecraft:revert_to_skeleton"
              ]
            }
          },
          {
            "randomize" : [
              {
                "add" : {
                  "component_groups" : [
                    "minecraft:revert_to_skeleton"
                  ]
                },
                "remove" : {

                },
                "weight" : 20
              },
              {
                "add" : {

                },
                "remove" : {

                },
                "weight" : 80
              }
            ]
          }
        ]
      }
    }
  }
}