{
  "minecraft:entity" : {
    "events" : {
      "minecraft:entity_spawned" : {

      }
    },
    "components" : {
      "minecraft:behavior.look_at_player" : {
        "look_distance" : 8,
        "priority" : 6
      },
      "minecraft:identifier" : {
        "id" : "minecraft:skeleton.wither"
      },
      "minecraft:movement" : {
        "value" : 60,
        "max" : 60
      },
      "minecraft:behavior.hurt_by_target" : {
        "priority" : 1
      },
      "minecraft:collision_box" : {
        "width" : 0.71999999999999997,
        "height" : 2
      },
      "minecraft:loot" : {
        "table" : "loot_tables\/entities\/wither_skeleton.json"
      },
      "minecraft:fire_immune" : true,
      "minecraft:attack" : {
        "damage" : 30
      },
      "minecraft:behavior.nearest_attackable_target" : {
        "must_see" : true,
        "entity_types" : [
          {
            "filters" : {
              "other_with_families" : [
                "player"
              ]
            },
            "max_dist" : 1000
          }
        ],
        "priority" : 2
      },
      "minecraft:equipment" : {
        "table" : "loot_tables\/entities\/wither_skeleton_gear.json"
      },
      "minecraft:behavior.melee_attack" : {
        "speed_multiplier" : 1.25,
        "priority" : 4,
        "target_dist" : 1.2,
        "track_target" : true
      },
      "minecraft:scale" : {
        "value" : 1.2000000476837158
      },
      "minecraft:health" : {
        "value" : 20,
        "max" : 20
      },
      "minecraft:behavior.random_look_around" : {
        "priority" : 6
      },
      "minecraft:behavior.random_stroll" : {
        "speed_multiplier" : 1,
        "priority" : 5
      },
      "minecraft:type_family" : {
        "family" : [
          "wither",
          "monster"
        ]
      }
    },
    "format_version" : 0.10000000000000001
  }
}