{
  "minecraft:entity" : {
    "components" : {
      "minecraft:behavior.look_at_player" : {
        "look_distance" : 6,
        "probability" : 0.02,
        "priority" : 7
      },
      "minecraft:identifier" : {
        "id" : "minecraft:zombie"
      },
      "minecraft:behavior.hurt_by_target" : {
        "priority" : 3
      },
      "minecraft:behavior.nearest_attackable_target" : {
        "within_radius" : 25,
        "entity_types" : [
          {
            "filters" : {
              "other_with_families" : [
                "player",
                "irongolem",
                "snowgolem",
                "villager"
              ]
            },
            "max_dist" : 35
          }
        ],
        "priority" : 5
      },
      "minecraft:collision_box" : {
        "width" : 0.59999999999999998,
        "height" : 1.8
      },
      "minecraft:nameable" : {

      },
      "minecraft:behavior.melee_attack" : {
        "track_target" : false,
        "speed_multiplier" : 1,
        "priority" : 3
      },
      "minecraft:attack" : {
        "damage" : 3
      },
      "minecraft:movement" : {
        "value" : 1,
        "max" : 1
      },
      "minecraft:equipment" : {
        "table" : "loot_tables\/entities\/zombie_equipment.json"
      },
      "minecraft:behavior.random_look_around" : {
        "priority" : 7
      },
      "minecraft:behavior.move_towards_restriction" : {
        "speed_multiplier" : 1,
        "priority" : 4
      },
      "minecraft:health" : {
        "value" : 20,
        "max" : 20
      },
      "minecraft:scale" : {
        "value" : 1
      },
      "minecraft:behavior.random_stroll" : {
        "speed_multiplier" : 1,
        "priority" : 6
      },
      "minecraft:type_family" : {
        "family" : [
          "zombie",
          "undead",
          "monster"
        ]
      },
      "minecraft:behavior.break_door" : {
        "priority" : 1
      },
      "minecraft:behavior.float" : {
        "priority" : 0
      }
    },
    "component_groups" : {
      "minecraft:zombie_baby" : {
        "minecraft:movement" : {
          "value" : 0.34999999999999998,
          "max" : 0.34999999999999998
        },
        "minecraft:scale" : {
          "value" : 0.5
        },
        "minecraft:is_baby" : {

        }
      },
      "minecraft:zombie_adult" : {
        "minecraft:burns_in_daylight" : {

        },
        "minecraft:loot" : {
          "table" : "loot_tables\/entities\/zombie.json"
        },
        "minecraft:movement" : {
          "value" : 0.23000000000000001,
          "max" : 0.23000000000000001
        },
        "minecraft:rideable" : {
          "family_types" : [
            "zombie"
          ],
          "seat_count" : 1,
          "seats" : {
            "position" : [
              0,
              0.90000000000000002,
              -0.25
            ],
            "lock_rider_rotation" : 0
          }
        }
      },
      "minecraft:zombie_jockey" : {
        "minecraft:behavior.find_mount" : {
          "within_radius" : 16,
          "priority" : 1
        }
      }
    },
    "format_version" : 0.10000000000000001,
    "events" : {
      "minecraft:entity_spawned" : {
        "randomize" : [
          {
            "add" : {
              "component_groups" : [
                "minecraft:zombie_adult"
              ]
            },
            "remove" : {

            },
            "weight" : 380
          },
          {
            "add" : {
              "component_groups" : [
                "minecraft:zombie_baby"
              ]
            },
            "remove" : {

            },
            "weight" : 17
          },
          {
            "add" : {
              "component_groups" : [
                "minecraft:zombie_baby",
                "minecraft:zombie_jockey"
              ]
            },
            "remove" : {

            },
            "weight" : 3
          }
        ]
      }
    }
  }
}