{
  "minecraft:entity" : {
    "components" : {
      "minecraft:behavior.random_look_around" : {
        "priority" : 7
      },
      "minecraft:behavior.random_stroll" : {
        "speed_multiplier" : 1,
        "priority" : 6
      },
      "minecraft:behavior.break_door" : {
        "priority" : 1
      },
      "minecraft:identifier" : {
        "id" : "minecraft:husk"
      },
      "minecraft:health" : {
        "value" : 20,
        "max" : 20
      },
      "minecraft:behavior.look_at_player" : {
        "look_distance" : 6,
        "probability" : 0.02,
        "priority" : 7
      },
      "minecraft:movement" : {
        "value" : 0.10000000149011612,
        "max" : 0.10000000149011612
      },
      "minecraft:variant" : {
        "value" : 2
      },
      "minecraft:nameable" : {

      },
      "minecraft:equipment" : {
        "table" : "loot_tables\/entities\/zombie_equipment.json"
      },
      "minecraft:behavior.hurt_by_target" : {
        "priority" : 3
      },
      "minecraft:loot" : {
        "table" : "loot_tables\/entities\/zombie.json"
      },
      "minecraft:type_family" : {
        "family" : [
          "husk",
          "undead",
          "monster"
        ]
      },
      "minecraft:scale" : {
        "value" : 1
      },
      "minecraft:collision_box" : {
        "width" : 0.59999999999999998,
        "height" : 1.8
      },
      "minecraft:behavior.move_towards_restriction" : {
        "speed_multiplier" : 1,
        "priority" : 4
      }
    },
    "component_groups" : {
      "minecraft:zombie_husk_jockey" : {
        "minecraft:behavior.find_mount" : {
          "within_radius" : 16,
          "priority" : 1
        }
      },
      "minecraft:zombie_husk_adult" : {
        "minecraft:movement" : {
          "value" : 0.23000000000000001,
          "max" : 0.23000000000000001
        }
      },
      "minecraft:zombie_husk_baby" : {
        "minecraft:movement" : {
          "value" : 0.46000000000000002,
          "max" : 0.46000000000000002
        },
        "minecraft:scale" : {
          "value" : 0.5
        },
        "minecraft:is_baby" : {

        }
      }
    },
    "format_version" : 0.10000000000000001,
    "events" : {
      "minecraft:entity_spawned" : {
        "randomize" : [
          {
            "add" : {
              "component_groups" : [
                "minecraft:zombie_husk_adult"
              ]
            },
            "remove" : {

            },
            "weight" : 9500
          },
          {
            "add" : {
              "component_groups" : [
                "minecraft:zombie_husk_baby"
              ]
            },
            "remove" : {

            },
            "weight" : 425
          },
          {
            "add" : {
              "component_groups" : [
                "minecraft:zombie_husk_baby",
                "minecraft:zombie_husk_jockey"
              ]
            },
            "remove" : {

            },
            "weight" : 75
          }
        ]
      }
    }
  }
}