{
	"format_version": "1.12.0",
	"minecraft:geometry": [
		{
			"description": {
				"identifier": "geometry.monkey",
				"texture_width": 128,
				"texture_height": 128,
				"visible_bounds_width": 4,
				"visible_bounds_height": 5.5,
				"visible_bounds_offset": [0, 2.25, 0]
			},
			"bones": [
				{
					"name": "monkey",
					"pivot": [0, 27.5, 0]
				},
				{
					"name": "head",
					"parent": "monkey",
					"pivot": [0, 27.5, 0],
					"cubes": [
						{"origin": [-8, 27.5, -5], "size": [15, 17, 12], "uv": [0, 0]},
						{"origin": [-9, 27.5, -5], "size": [2, 7, 12], "uv": [50, 50]},
						{"origin": [7, 27.5, -5], "size": [1, 7, 12], "uv": [0, 51]},
						{"origin": [-4, 44.5, -3], "size": [7, 5, 7], "uv": [60, 10]},
						{"origin": [-9, 32.5, -7], "size": [17, 1, 2], "uv": [42, 7]},
						{"origin": [-9, 33.5, -6], "size": [17, 1, 1], "uv": [65, 35]},
						{"origin": [-9, 30.5, -7], "size": [17, 2, 1], "uv": [60, 25]},
						{"origin": [-13, 37.5, 0], "size": [5, 5, 1], "uv": [14, 51]},
						{"origin": [7, 37.5, 0], "size": [5, 5, 1], "uv": [0, 51]},
						{"origin": [-6, 36.5, -6], "size": [4, 4, 1], "uv": [0, 57]},
						{"origin": [1, 36.5, -6], "size": [4, 4, 1], "uv": [54, 10]}
					]
				},
				{
					"name": "bone",
					"parent": "monkey",
					"pivot": [0, 21.5, 0],
					"cubes": [
						{"origin": [-9, 25.5, -7], "size": [17, 1, 3], "uv": [42, 0]},
						{"origin": [-9, 26.5, -5], "size": [17, 1, 2], "uv": [42, 4]},
						{"origin": [-9, 26.5, -7], "size": [17, 2, 1], "uv": [60, 22]}
					]
				},
				{
					"name": "bone2",
					"parent": "monkey",
					"pivot": [0, 22.5, 0],
					"cubes": [
						{"origin": [-3, 23.5, -3], "size": [5, 4, 5], "uv": [65, 37]},
						{"origin": [-7, 9.5, -4], "size": [14, 15, 7], "pivot": [0, 23.5, 0], "rotation": [7.5, 0, 0], "uv": [0, 29]}
					]
				},
				{
					"name": "bone3",
					"parent": "monkey",
					"pivot": [0, 22.5, 0],
					"cubes": [
						{"origin": [-10.5, 16.5, -2], "size": [3, 7, 3], "pivot": [-7.5, 18.5, 0], "rotation": [-7.5, 0, 10], "uv": [48, 35]},
						{"origin": [-11, 12.5, -14], "size": [3, 6, 14], "pivot": [-8, 17.5, 0], "rotation": [-7.5, 12.5, -15], "uv": [40, 15]},
						{"origin": [-13.75, 16, -26], "size": [1, 3, 13], "pivot": [-11.75, 19, -13], "rotation": [-7.5, 12.5, -15], "uv": [28, 60]}
					]
				},
				{
					"name": "bone4",
					"parent": "monkey",
					"pivot": [0, 21.5, 0],
					"cubes": [
						{"origin": [7.5, 16.5, -2], "size": [3, 7, 3], "pivot": [8.5, 19.5, 0], "rotation": [-7.5, 0, -10], "uv": [0, 0]},
						{"origin": [6.75, 12.5, -13], "size": [3, 6, 14], "pivot": [7.75, 13.5, 0], "rotation": [-7.5, -12.5, 15], "uv": [28, 37]},
						{"origin": [10.75, 16, -25], "size": [1, 3, 13], "pivot": [10.75, 14, -13], "rotation": [-7.5, -12.5, 15], "uv": [13, 57]}
					]
				},
				{
					"name": "bone5",
					"parent": "monkey",
					"pivot": [0, 17.5, 0],
					"cubes": [
						{"origin": [-1, 17.5, 4], "size": [2, 2, 13], "pivot": [0, 15.5, 4], "rotation": [7.5, 0, 0], "uv": [48, 35]},
						{"origin": [-1, 12.5, 8], "size": [2, 12, 2], "pivot": [0, 17.5, 4], "rotation": [7.5, 0, 0], "uv": [45, 76]},
						{"origin": [-1, 13.5, 15], "size": [2, 11, 2], "pivot": [0, 17.5, 11], "rotation": [7.5, 0, 0], "uv": [28, 57]},
						{"origin": [-1, 22.75, 10], "size": [2, 2, 7], "pivot": [0, 16.75, 6], "rotation": [7.5, 0, 0], "uv": [11, 76]},
						{"origin": [-1, 12.75, 11.25], "size": [2, 2, 7], "pivot": [0, 6.75, 7.25], "rotation": [7.5, 0, 0], "uv": [74, 74]}
					]
				},
				{
					"name": "bone6",
					"parent": "monkey",
					"pivot": [0, 10.5, 1],
					"cubes": [
						{"origin": [2.75, 5.5, -2], "size": [4, 8, 5], "pivot": [1.75, 11.5, -2], "rotation": [-12.5, -15, 0], "uv": [0, 70]},
						{"origin": [2.5, 1, -2.5], "size": [4, 5, 4], "pivot": [2.5, 1, -2.5], "rotation": [0, -7.5, 0], "uv": [80, 0]},
						{"origin": [2.5, 0, -4.5], "size": [4, 1, 6], "pivot": [2.5, -4, -2.5], "rotation": [0, -7.5, 0], "uv": [72, 63]}
					]
				},
				{
					"name": "bone7",
					"parent": "monkey",
					"pivot": [0, 10.5, 1],
					"cubes": [
						{"origin": [-6.5, 4.5, -2], "size": [4, 8, 5], "pivot": [-1.5, 11.5, -2], "rotation": [-12.5, 15, 0], "uv": [56, 69]},
						{"origin": [-6.5, 1, -2], "size": [4, 5, 4], "pivot": [-6.5, 1, -2], "rotation": [0, 7.5, 0], "uv": [29, 76]},
						{"origin": [-6.5, 0, -4], "size": [4, 1, 6], "pivot": [-6.5, -4, -2], "rotation": [0, 7.5, 0], "uv": [66, 50]}
					]
				}
			]
		}
	]
}