{
	"format_version": "1.8.0",
	"animations": {
		"animation.monkey.general": {
			"loop": true
		},
		"animation.monkey.move": {
		    "loop": true, 
			"animation_length": 0.44,
			"bones": {
				"head": {
					"rotation": {
						"0.0": [0, 0, 0],
						"0.2": [0, 0, -12.5],
						"0.44": [0, 0, 12.5]
					},
					"position": [0, 0, 0],
					"scale": 1
				},
				"bone": {
					"rotation": {
						"0.0": [0, 0, 0],
						"0.2": [0, 0, -10],
						"0.44": [0, 0, 12.5]
					},
					"position": {
						"0.0": [0, 0, 0],
						"0.2": [0, 2, 0],
						"0.44": [-1, 0, 0]
					},
					"scale": 1
				},
				"bone3": {
					"rotation": {
						"0.0": [0, 0, 0],
						"0.2": [-10, 0, 0],
						"0.44": [27.5, 0, 0]
					},
					"position": [0, 0, 0],
					"scale": 1
				},
				"bone4": {
					"rotation": {
						"0.0": [0, 0, 0],
						"0.2": [35, 0, 0],
						"0.44": [-15, 0, 0]
					},
					"position": [0, 0, 0],
					"scale": 1
				},
				"bone5": {
					"rotation": {
						"0.0": [0, 0, 0],
						"0.2": [-5, 10, -90],
						"0.44": [-20, 0, -180]
					},
					"position": [0, 0, 0],
					"scale": 1
				},
				"bone6": {
					"rotation": {
						"0.0": [0, 0, 0],
						"0.2": [-5, 0, 0],
						"0.44": [5, 0, 0]
					},
					"position": {
						"0.0": [0, 0, 0],
						"0.2": [0, 0, -1],
						"0.44": [0, 0, 0]
					},
					"scale": 1
				},
				"bone7": {
					"rotation": {
						"0.0": [0, 0, 0],
						"0.2": [5, 0, 0],
						"0.44": [-5, 0, 0]
					},
					"position": {
						"0.0": [0, 0, 0],
						"0.44": [0, 0, -1]
					},
					"scale": 1
				}
			}
		}
	}
}